tip	group
Acinonyx_jubatus	Acinonyx
Ailuropoda_melanoleuca	Ailuropoda
Ailurus_fulgens	Ailurus
Ammotragus_lervia	Ammotragus
Anomalurus_sp	Anomalurus
Antilope_cervicapra	Antilope
Arctocephalus_forsteri	Arctocephalus
Arctocephalus_pusillus	Arctocephalus
Arctocephalus_townsendi	Arctocephalus
Artibeus_jamaicensis	Artibeus
Balaena_mysticetus	Balaena
Balaenoptera_acutorostrata	Balaenoptera
Balaenoptera_bonaerensis	Balaenoptera
Balaenoptera_borealis	Balaenoptera
Balaenoptera_brydei	Balaenoptera
Balaenoptera_edeni	Balaenoptera
Balaenoptera_musculus	Balaenoptera
Balaenoptera_omurai	Balaenoptera
Balaenoptera_physalus	Balaenoptera
Berardius_bairdii	Berardius
Bison_bison	Bison
Bison_bonasus	Bison
Bos_grunniens	Bos
Bos_indicus	Bos
Bos_taurus	Bos
Bradypus_tridactylus	Bradypus
Bubalus_bubalis	Bubalus
Budorcas_taxicolor	Budorcas
Caenolestes_fuliginosus	Caenolestes
Callorhinus_ursinus	Callorhinus
Camelus_bactrianus	Camelus
Camelus_dromedarius	Camelus
Canis_latrans	Canis
Canis_lupus	Canis
Caperea_marginata	Caperea
Capra_hircus	Capra
Capricornis_crispus	Capricornis
Cavia_porcellus	Cavia
Cebus_albifrons	Cebus
Ceratotherium_simum	Ceratotherium
Cervus_elaphus	Cervus
Cervus_nippon	Cervus
Cervus_unicolor	Cervus
Chalinolobus_tuberculatus	Chalinolobus
Chlorocebus_aethiops	Chlorocebus
Chlorocebus_pygerythrus	Chlorocebus
Chlorocebus_sabaeus	Chlorocebus
Chlorocebus_tantalus	Chlorocebus
Choloepus_didactylus	Choloepus
Chrysochloris_asiatica	Chrysochloris
Colobus_guereza	Colobus
Cricetulus_griseus	Cricetulus
Crocidura_russula	Crocidura
Cuon_alpinus	Cuon
Cynocephalus_variegatus	Cynocephalus
Cystophora_cristata	Cystophora
Dactylopsila_trivirgata	Dactylopsila
Dasypus_novemcinctus	Dasypus
Dasyurus_hallucatus	Dasyurus
Daubentonia_madagascariensis	Daubentonia
Delphinus_capensis	Delphinus
Dendrohyrax_dorsalis	Dendrohyrax
Dicerorhinus_sumatrensis	Dicerorhinus
Diceros_bicornis	Diceros
Didelphis_virginiana	Didelphis
Distoechurus_pennatus	Distoechurus
Dromiciops_gliroides	Dromiciops
Dugong_dugon	Dugong
Echinops_telfairi	Echinops
Echinosorex_gymnura	Echinosorex
Echymipera_rufescens	Echymipera
Elaphodus_cephalophus	Elaphodus
Elephantulus_sp	Elephantulus
Elephas_maximus	Elephas
Enhydra_lutris	Enhydra
Eothenomys_chinensis	Eothenomys
Episoriculus_fumidus	Episoriculus
Equus_asinus	Equus
Equus_caballus	Equus
Eremitalpa_granti	Eremitalpa
Erignathus_barbatus	Erignathus
Erinaceus_europaeus	Erinaceus
Eschrichtius_robustus	Eschrichtius
Eubalaena_australis	Eubalaena
Eubalaena_japonica	Eubalaena
Eulemur_fulvus	Eulemur
Eulemur_macaco	Eulemur
Eulemur_mongoz	Eulemur
Eumetopias_jubatus	Eumetopias
Felis_catus	Felis
Galago_senegalensis	Galago
Galemys_pyrenaicus	Galemys
Giraffa_camelopardalis	Giraffa
Gorilla_gorilla	Gorilla
Grampus_griseus	Grampus
Gulo_gulo	Gulo
Halichoerus_grypus	Halichoerus
Helarctos_malayanus	Helarctos
Hemiechinus_auritus	Hemiechinus
Herpestes_javanicus	Herpestes
Hippopotamus_amphibius	Hippopotamus
Homo_sapiens	Homo
Hydropotes_inermis	Hydropotes
Hydrurga_leptonyx	Hydrurga
Hylobates_agilis	Hylobates
Hylobates_lar	Hylobates
Hylobates_pileatus	Hylobates
Hylomys_suillus	Hylomys
Hyperoodon_ampullatus	Hyperoodon
Inia_geoffrensis	Inia
Isoodon_macrourus	Isoodon
Jaculus_jaculus	Jaculus
Kogia_breviceps	Kogia
Lagenorhynchus_albirostris	Lagenorhynchus
Lagorchestes_hirsutus	Lagorchestes
Lagostrophus_fasciatus	Lagostrophus
Lama_glama	Lama
Lama_guanicoe	Lama
Lama_pacos	Lama
Lemur_catta	Lemur
Leptonychotes_weddellii	Leptonychotes
Lepus_europaeus	Lepus
Lipotes_vexillifer	Lipotes
Lobodon_carcinophaga	Lobodon
Loris_tardigradus	Loris
Loxodonta_africana	Loxodonta
Lutra_lutra	Lutra
Macaca_fascicularis	Macaca
Macaca_mulatta	Macaca
Macaca_sylvanus	Macaca
Macaca_thibetana	Macaca
Macropus_robustus	Macropus
Macroscelides_proboscideus	Macroscelides
Macrotis_lagotis	Macrotis
Manis_tetradactyla	Manis
Martes_flavigula	Martes
Martes_melampus	Martes
Martes_zibellina	Martes
Megaptera_novaeangliae	Megaptera
Meles_meles	Meles
Melursus_ursinus	Melursus
Mesocricetus_auratus	Mesocricetus
Metachirus_nudicaudatus	Metachirus
Microtus_kikuchii	Microtus
Microtus_rossiaemeridionalis	Microtus
Mirounga_leonina	Mirounga
Mogera_wogura	Mogera
Monachus_schauinslandi	Monachus
Monodelphis_domestica	Monodelphis
Monodon_monoceros	Monodon
Moschus_berezovskii	Moschus
Moschus_moschiferus	Moschus
Muntiacus_crinifrons	Muntiacus
Muntiacus_muntjak	Muntiacus
Muntiacus_reevesi	Muntiacus
Mus_musculus	Mus
Mus_terricolor	Mus
Myoxus_glis	Myoxus
Myrmecobius_fasciatus	Myrmecobius
Mystacina_tuberculata	Mystacina
Naemorhedus_caudatus	Naemorhedus
Naemorhedus_swinhoei	Naemorhedus
Nannospalax_ehrenbergi	Nannospalax
Nasalis_larvatus	Nasalis
Neofelis_nebulosa	Neofelis
Neophoca_cinerea	Neophoca
Nomascus_siki	Nomascus
Notoryctes_typhlops	Notoryctes
Nyctereutes_procyonoides	Nyctereutes
Nycticebus_coucang	Nycticebus
Ochotona_collaris	Ochotona
Ochotona_curzoniae	Ochotona
Ochotona_princeps	Ochotona
Odobenus_rosmarus	Odobenus
Ornithorhynchus_anatinus	Monotremata
Orycteropus_afer	Orycteropus
Oryctolagus_cuniculus	Oryctolagus
Otolemur_crassicaudatus	Otolemur
Ovis_aries	Ovis
Pan_paniscus	Pan
Pan_troglodytes	Pan
Panthera_pardus	Panthera
Panthera_tigris	Panthera
Pantholops_hodgsonii	Pantholops
Papio_hamadryas	Papio
Pecari_tajacu	Pecari
Perameles_gunnii	Perameles
Perodicticus_potto	Perodicticus
Petaurus_breviceps	Petaurus
Phacochoerus_africanus	Phacochoerus
Phalanger_interpositus	Phalanger
Phascogale_tapoatafa	Phascogale
Phascolarctos_cinereus	Phascolarctos
Phoca_caspica	Phoca
Phoca_fasciata	Phoca
Phoca_groenlandica	Phoca
Phoca_hispida	Phoca
Phoca_largha	Phoca
Phoca_sibirica	Phoca
Phoca_vitulina	Phoca
Phocarctos_hookeri	Phocarctos
Phocoena_phocoena	Phocoena
Physeter_catodon	Physeter
Pipistrellus_abramus	Pipistrellus
Platanista_minor	Platanista
Pongo_abelii	Pongo
Pongo_pygmaeus	Pongo
Pontoporia_blainvillei	Pontoporia
Potorous_tridactylus	Potorous
Presbytis_melalophos	Presbytis
Procavia_capensis	Procavia
Procolobus_badius	Procolobus
Procyon_lotor	Procyon
Proedromys_sp	Proedromys
Propithecus_coquereli	Propithecus
Pseudocheirus_peregrinus	Pseudocheirus
Pteropus_dasymallus	Pteropus
Pteropus_scapulatus	Pteropus
Pygathrix_nemaeus	Pygathrix
Pygathrix_roxellana	Pygathrix
Rangifer_tarandus	Rangifer
Rattus_exulans	Rattus
Rattus_norvegicus	Rattus
Rattus_praetor	Rattus
Rattus_rattus	Rattus
Rattus_tanezumi	Rattus
Rhinoceros_sondaicus	Rhinoceros
Rhinoceros_unicornis	Rhinoceros
Rhinolophus_formosae	Rhinolophus
Rhinolophus_monoceros	Rhinolophus
Rhinolophus_pumilus	Rhinolophus
Rhyncholestes_raphanurus	Rhyncholestes
Rousettus_aegyptiacus	Rousettus
Saimiri_sciureus	Saimiri
Sciurus_vulgaris	Sciurus
Semnopithecus_entellus	Semnopithecus
Sminthopsis_crassicaudata	Sminthopsis
Sminthopsis_douglasi	Sminthopsis
Sorex_unguiculatus	Sorex
Sousa_chinensis	Sousa
Spilogale_putorius	Spilogale
Stenella_attenuata	Stenella
Stenella_coeruleoalba	Stenella
Sus_scrofa	Sus
Symphalangus_syndactylus	Symphalangus
Tachyglossus_aculeatus	Monotremata
Talpa_europaea	Talpa
Tamandua_tetradactyla	Tamandua
Tarsipes_rostratus	Tarsipes
Tarsius_bancanus	Tarsius
Tarsius_syrichta	Tarsius
Thryonomys_swinderianus	Thryonomys
Thylacinus_cynocephalus	Thylacinus
Thylamys_elegans	Thylamys
Trachypithecus_obscurus	Trachypithecus
Tremarctos_ornatus	Tremarctos
Trichechus_manatus	Trichechus
Trichosurus_vulpecula	Trichosurus
Tscherskia_triton	Tscherskia
Tupaia_belangeri	Tupaia
Tursiops_aduncus	Tursiops
Tursiops_truncatus	Tursiops
Uncia_uncia	Uncia
Urotrichus_talpoides	Urotrichus
Ursus_americanus	Ursus
Ursus_arctos	Ursus
Ursus_maritimus	Ursus
Ursus_thibetanus	Ursus
Varecia_variegata	Varecia
Vicugna_vicugna	Vicugna
Vombatus_ursinus	Vombatus
Vulpes_vulpes	Vulpes
Zaglossus_bruijni	Monotremata
Zalophus_californianus	Zalophus
